-- phpMyAdmin SQL Dump
-- version 4.9.0.1
-- https://www.phpmyadmin.net/
--
-- Host: 127.0.0.1
-- Waktu pembuatan: 14 Mar 2020 pada 06.24
-- Versi server: 10.4.6-MariaDB
-- Versi PHP: 7.3.9

SET SQL_MODE = "NO_AUTO_VALUE_ON_ZERO";
SET AUTOCOMMIT = 0;
START TRANSACTION;
SET time_zone = "+00:00";


/*!40101 SET @OLD_CHARACTER_SET_CLIENT=@@CHARACTER_SET_CLIENT */;
/*!40101 SET @OLD_CHARACTER_SET_RESULTS=@@CHARACTER_SET_RESULTS */;
/*!40101 SET @OLD_COLLATION_CONNECTION=@@COLLATION_CONNECTION */;
/*!40101 SET NAMES utf8mb4 */;

--
-- Database: `db_websekolah`
--

-- --------------------------------------------------------

--
-- Struktur dari tabel `tbl_agenda`
--

CREATE TABLE `tbl_agenda` (
  `agenda_id` int(11) NOT NULL,
  `agenda_nama` varchar(200) DEFAULT NULL,
  `agenda_tanggal` timestamp NULL DEFAULT current_timestamp(),
  `agenda_deskripsi` text DEFAULT NULL,
  `agenda_mulai` date DEFAULT NULL,
  `agenda_selesai` date DEFAULT NULL,
  `agenda_tempat` varchar(90) DEFAULT NULL,
  `agenda_waktu` varchar(30) DEFAULT NULL,
  `agenda_keterangan` varchar(200) DEFAULT NULL,
  `agenda_author` varchar(60) DEFAULT NULL
) ENGINE=InnoDB DEFAULT CHARSET=latin1;

--
-- Dumping data untuk tabel `tbl_agenda`
--

INSERT INTO `tbl_agenda` (`agenda_id`, `agenda_nama`, `agenda_tanggal`, `agenda_deskripsi`, `agenda_mulai`, `agenda_selesai`, `agenda_tempat`, `agenda_waktu`, `agenda_keterangan`, `agenda_author`) VALUES
(1, 'Penyembelihan Hewan Kurban Idul Adha 2020', '2017-01-22 06:18:01', 'Idul Adha yang biasa disebut lebaran haji atapun lebaran kurban sangat identik dengan penyembelihan hewan kurban. tahun ini juga melakukan penyembelihan hewan kurban. Yang rencananya akan dihadiri oleh seluruh anggota', '2017-01-22', '2017-01-22', 'M-Sekolah', '08.00 - 11.00 WIB', 'Dihadiri oleh guru-guru, siswa dan pengurus OSIS', 'M Fikri Setiadi'),
(2, 'Peluncuran Website Resmi fammi', '2017-01-22 06:26:33', 'Peluncuran website resmi fammi sebagai media informasi  online untuk pelayanan  masyarakat ', '2017-01-04', '2017-01-04', 'M-Sekolah', '07.30 - 12.00 WIB', '-', 'M Fikri Setiadi'),
(4, 'dghfdhg', '2020-02-17 04:15:59', 'dhdfh', '2020-02-06', '2020-02-19', 'h', 'h', 'h', 'M Fikri Setiadi'),
(5, 'ujian', '2020-02-17 04:16:09', 'ujian', '2020-02-03', '2020-02-06', 'ujian', '10.00', '', 'M Fikri Setiadi'),
(6, 'pengajian', '2020-02-17 23:30:01', 'pengajian', '2020-02-07', '2020-02-07', 'masjid', '10.00', '', 'M Fikri Setiadi');

-- --------------------------------------------------------

--
-- Struktur dari tabel `tbl_album`
--

CREATE TABLE `tbl_album` (
  `album_id` int(11) NOT NULL,
  `album_nama` varchar(50) DEFAULT NULL,
  `album_tanggal` timestamp NULL DEFAULT current_timestamp(),
  `album_pengguna_id` int(11) DEFAULT NULL,
  `album_author` varchar(60) DEFAULT NULL,
  `album_count` int(11) DEFAULT 0,
  `album_cover` varchar(40) DEFAULT NULL
) ENGINE=InnoDB DEFAULT CHARSET=latin1;

--
-- Dumping data untuk tabel `tbl_album`
--

INSERT INTO `tbl_album` (`album_id`, `album_nama`, `album_tanggal`, `album_pengguna_id`, `album_author`, `album_count`, `album_cover`) VALUES
(5, 'kegiatan', '2020-02-18 00:27:17', 1, 'Fajar Rivaldi Chan', 6, '8eb1ef4daf42240bfd4331b71e62de36.jpg');

-- --------------------------------------------------------

--
-- Struktur dari tabel `tbl_files`
--

CREATE TABLE `tbl_files` (
  `file_id` int(11) NOT NULL,
  `file_judul` varchar(120) DEFAULT NULL,
  `file_deskripsi` text DEFAULT NULL,
  `file_tanggal` timestamp NULL DEFAULT current_timestamp(),
  `file_oleh` varchar(60) DEFAULT NULL,
  `file_download` int(11) DEFAULT 0,
  `file_data` varchar(120) DEFAULT NULL
) ENGINE=InnoDB DEFAULT CHARSET=latin1;

--
-- Dumping data untuk tabel `tbl_files`
--

INSERT INTO `tbl_files` (`file_id`, `file_judul`, `file_deskripsi`, `file_tanggal`, `file_oleh`, `file_download`, `file_data`) VALUES
(2, 'Dasar-dasar CSS', 'Modul dasar-dasar CSS 3. Modul ini membantu anda untuk memahami struktur dasar CSS', '2017-01-23 04:30:01', 'Drs. Joko', 0, 'ab9a183ff240deadbedaff78e639af2f.pdf'),
(3, '14 Teknik Komunikasi Yang Paling Efektif', 'Ebook 14 teknik komunikasi paling efektif membantu anda untuk berkomunikasi dengan baik dan benar', '2017-01-23 15:26:06', 'Drs. Joko', 0, 'ab2cb34682bd94f30f2347523112ffb9.pdf'),
(4, 'Bagaimana Membentuk Pola Pikir yang Baru', 'Ebook ini membantu anda membentuk pola pikir baru.', '2017-01-23 15:27:07', 'Drs. Joko', 0, '30f588eb5c55324f8d18213f11651855.pdf'),
(5, '7 Tips Penting mengatasi Kritik', '7 Tips Penting mengatasi Kritik', '2017-01-23 15:27:44', 'Drs. Joko', 0, '329a62b25ad475a148e1546aa3db41de.docx'),
(6, '8 Racun dalam kehidupan kita', '8 Racun dalam kehidupan kita', '2017-01-23 15:28:17', 'Drs. Joko', 0, '8e38ad4948ba13758683dea443fbe6be.docx'),
(7, 'Jurnal Teknolgi Informasi', 'Jurnal Teknolgi Informasi', '2017-01-25 03:18:53', 'Gunawan, S.Pd', 0, '87ae0f009714ddfdd79e2977b2a64632.pdf'),
(8, 'Jurnal Teknolgi Informasi 2', 'Jurnal Teknolgi Informasi', '2017-01-25 03:19:22', 'Gunawan, S.Pd', 0, 'c4e966ba2c6e142155082854dc5b3602.pdf'),
(9, 'Naskah Publikasi IT', 'Naskah Teknolgi Informasi', '2017-01-25 03:21:04', 'Gunawan, S.Pd', 0, '71380b3cf16a17a02382098c028ece9c.pdf'),
(10, 'Modul Teknologi Informasi', 'Modul Teknologi Informasi', '2017-01-25 03:22:08', 'Gunawan, S.Pd', 0, '029143a3980232ab2900d94df36dbb0c.pdf'),
(11, 'Modul Teknologi Informasi Part II', 'Modul Teknologi Informasi', '2017-01-25 03:22:54', 'Gunawan, S.Pd', 0, 'ea8f3f732576083156e509657614f551.pdf'),
(12, 'Modul Teknologi Informasi Part III', 'Modul Teknologi Informasi', '2017-01-25 03:23:21', 'Gunawan, S.Pd', 0, 'c5e5e7d16e4cd6c3d22c11f64b0db2af.pdf');

-- --------------------------------------------------------

--
-- Struktur dari tabel `tbl_galeri`
--

CREATE TABLE `tbl_galeri` (
  `galeri_id` int(11) NOT NULL,
  `galeri_judul` varchar(60) DEFAULT NULL,
  `galeri_tanggal` timestamp NULL DEFAULT current_timestamp(),
  `galeri_gambar` varchar(40) DEFAULT NULL,
  `galeri_album_id` int(11) DEFAULT NULL,
  `galeri_pengguna_id` int(11) DEFAULT NULL,
  `galeri_author` varchar(60) DEFAULT NULL
) ENGINE=InnoDB DEFAULT CHARSET=latin1;

--
-- Dumping data untuk tabel `tbl_galeri`
--

INSERT INTO `tbl_galeri` (`galeri_id`, `galeri_judul`, `galeri_tanggal`, `galeri_gambar`, `galeri_album_id`, `galeri_pengguna_id`, `galeri_author`) VALUES
(19, '1', '2020-02-18 00:27:29', 'aec4b0a6b5bc201eb774d78219fbfc88.jpg', 5, 1, 'Fajar Rivaldi Chan'),
(20, '2', '2020-02-18 00:27:37', 'bcfa04a931e92429d1fe5234bb18123a.jpg', 5, 1, 'Fajar Rivaldi Chan'),
(21, '3', '2020-02-18 00:27:47', '903f678b86a966d58f9a5818ae3bf23d.jpg', 5, 1, 'Fajar Rivaldi Chan'),
(22, '4', '2020-02-18 00:27:55', 'e82dd9a18ae1eedd006a9fc619ad9839.jpg', 5, 1, 'Fajar Rivaldi Chan'),
(23, '5', '2020-02-18 00:28:06', '89ddcc759ac2276607a919a0fcc15b18.jpg', 5, 1, 'Fajar Rivaldi Chan'),
(24, '6', '2020-02-18 00:28:15', 'ea71b93922717b919d9eb8f11080858c.jpg', 5, 1, 'Fajar Rivaldi Chan');

-- --------------------------------------------------------

--
-- Struktur dari tabel `tbl_guru`
--

CREATE TABLE `tbl_guru` (
  `guru_id` int(11) NOT NULL,
  `guru_nip` varchar(30) DEFAULT NULL,
  `guru_nama` varchar(70) DEFAULT NULL,
  `guru_jenkel` varchar(2) DEFAULT NULL,
  `guru_tmp_lahir` varchar(80) DEFAULT NULL,
  `guru_tgl_lahir` varchar(80) DEFAULT NULL,
  `guru_mapel` varchar(120) DEFAULT NULL,
  `guru_photo` varchar(40) DEFAULT NULL,
  `guru_tgl_input` timestamp NULL DEFAULT current_timestamp()
) ENGINE=InnoDB DEFAULT CHARSET=latin1;

--
-- Dumping data untuk tabel `tbl_guru`
--

INSERT INTO `tbl_guru` (`guru_id`, `guru_nip`, `guru_nama`, `guru_jenkel`, `guru_tmp_lahir`, `guru_tgl_lahir`, `guru_mapel`, `guru_photo`, `guru_tgl_input`) VALUES
(1, '927482658274982', 'Fajar Rivaldi Chan', 'L', 'medan', '6 April 2002', 'ketua', 'f6bbe1e04e78e0d715e9830a605794aa.jpg', '2017-01-26 07:49:43'),
(2, '927482658274981', 'Fajri Rinaldi Chan', 'L', 'Germany', '25 September 1989', 'Olahgara', NULL, '2017-01-26 13:38:54'),
(3, '-', 'Joko Subroto', 'L', 'Jakarta', '25 September 1989', 'sekretaris', NULL, '2017-01-26 13:41:20'),
(4, '-', 'Kusta Otomo', 'L', 'Jakarta', '25 September 1989', 'bendahara', NULL, '2017-01-26 13:42:08'),
(5, '-', 'Yuliani Ningsih', 'P', 'Padang', '27 September 1993', 'mandor', NULL, '2017-01-26 13:42:48'),
(6, '927482658274993', 'Ari Hidayat', 'L', 'Padang', '25 September 1993', 'ngerusuh', NULL, '2017-01-26 13:43:46');

-- --------------------------------------------------------

--
-- Struktur dari tabel `tbl_inbox`
--

CREATE TABLE `tbl_inbox` (
  `inbox_id` int(11) NOT NULL,
  `inbox_nama` varchar(40) DEFAULT NULL,
  `inbox_email` varchar(60) DEFAULT NULL,
  `inbox_kontak` varchar(20) DEFAULT NULL,
  `inbox_pesan` text DEFAULT NULL,
  `inbox_tanggal` timestamp NULL DEFAULT current_timestamp(),
  `inbox_status` int(11) DEFAULT 1 COMMENT '1=Belum dilihat, 0=Telah dilihat'
) ENGINE=InnoDB DEFAULT CHARSET=latin1;

-- --------------------------------------------------------

--
-- Struktur dari tabel `tbl_kategori`
--

CREATE TABLE `tbl_kategori` (
  `kategori_id` int(11) NOT NULL,
  `kategori_nama` varchar(30) DEFAULT NULL,
  `kategori_tanggal` timestamp NULL DEFAULT current_timestamp()
) ENGINE=InnoDB DEFAULT CHARSET=latin1;

--
-- Dumping data untuk tabel `tbl_kategori`
--

INSERT INTO `tbl_kategori` (`kategori_id`, `kategori_nama`, `kategori_tanggal`) VALUES
(1, 'Pendidikan', '2016-09-06 05:49:04'),
(2, 'Politik', '2016-09-06 05:50:01'),
(3, 'Sains', '2016-09-06 05:59:39'),
(5, 'Penelitian', '2016-09-06 06:19:26'),
(6, 'Prestasi', '2016-09-07 02:51:09'),
(13, 'Olah Raga', '2017-01-13 13:20:31');

-- --------------------------------------------------------

--
-- Struktur dari tabel `tbl_kelas`
--

CREATE TABLE `tbl_kelas` (
  `kelas_id` int(11) NOT NULL,
  `kelas_nama` varchar(40) DEFAULT NULL
) ENGINE=InnoDB DEFAULT CHARSET=latin1;

--
-- Dumping data untuk tabel `tbl_kelas`
--

INSERT INTO `tbl_kelas` (`kelas_id`, `kelas_nama`) VALUES
(1, 'Kelas X.1'),
(2, 'Kelas X.2'),
(3, 'Kelas X.3'),
(4, 'Kelas X.4'),
(5, 'Kelas X.5'),
(6, 'Kelas X.6'),
(7, 'Kelas X.7'),
(8, 'Kelas XI IPA.1'),
(9, 'Kelas XI IPA.2'),
(10, 'Kelas XI IPA.3'),
(11, 'Kelas XI IPA.4'),
(12, 'Kelas XI IPA.5'),
(13, 'Kelas XI IPA.6'),
(14, 'Kelas XI IPA.7'),
(15, 'Kelas XI IPS.1'),
(16, 'Kelas XI IPS.2'),
(17, 'Kelas XI IPS.3'),
(18, 'Kelas XI IPS.4'),
(19, 'Kelas XI IPS.5'),
(20, 'Kelas XI IPS.6'),
(21, 'Kelas XI IPS.7');

-- --------------------------------------------------------

--
-- Struktur dari tabel `tbl_komentar`
--

CREATE TABLE `tbl_komentar` (
  `komentar_id` int(11) NOT NULL,
  `komentar_nama` varchar(30) DEFAULT NULL,
  `komentar_email` varchar(50) DEFAULT NULL,
  `komentar_isi` varchar(120) DEFAULT NULL,
  `komentar_tanggal` timestamp NULL DEFAULT current_timestamp(),
  `komentar_status` varchar(2) DEFAULT NULL,
  `komentar_tulisan_id` int(11) DEFAULT NULL,
  `komentar_parent` int(11) DEFAULT 0
) ENGINE=InnoDB DEFAULT CHARSET=latin1;

--
-- Dumping data untuk tabel `tbl_komentar`
--

INSERT INTO `tbl_komentar` (`komentar_id`, `komentar_nama`, `komentar_email`, `komentar_isi`, `komentar_tanggal`, `komentar_status`, `komentar_tulisan_id`, `komentar_parent`) VALUES
(1, 'M Fikri', 'fikrifiver97@gmail.com', ' Nice Post.', '2018-08-07 15:09:07', '1', 24, 0),
(2, 'M Fikri Setiadi', 'fikrifiver97@gmail.com', ' Awesome Post', '2018-08-07 15:14:26', '1', 24, 0),
(3, 'Joko', 'joko@gmail.com', 'Thank you.', '2018-08-08 03:54:56', '1', 24, 1);

-- --------------------------------------------------------

--
-- Struktur dari tabel `tbl_log_aktivitas`
--

CREATE TABLE `tbl_log_aktivitas` (
  `log_id` int(11) NOT NULL,
  `log_nama` text DEFAULT NULL,
  `log_tanggal` timestamp NULL DEFAULT current_timestamp(),
  `log_ip` varchar(20) DEFAULT NULL,
  `log_pengguna_id` int(11) DEFAULT NULL,
  `log_icon` blob DEFAULT NULL,
  `log_jenis_icon` varchar(50) DEFAULT NULL
) ENGINE=InnoDB DEFAULT CHARSET=latin1;

-- --------------------------------------------------------

--
-- Struktur dari tabel `tbl_pengguna`
--

CREATE TABLE `tbl_pengguna` (
  `pengguna_id` int(11) NOT NULL,
  `pengguna_nama` varchar(50) DEFAULT NULL,
  `pengguna_moto` varchar(100) DEFAULT NULL,
  `pengguna_jenkel` varchar(2) DEFAULT NULL,
  `pengguna_username` varchar(30) DEFAULT NULL,
  `pengguna_password` varchar(35) DEFAULT NULL,
  `pengguna_tentang` text DEFAULT NULL,
  `pengguna_email` varchar(50) DEFAULT NULL,
  `pengguna_nohp` varchar(20) DEFAULT NULL,
  `pengguna_facebook` varchar(35) DEFAULT NULL,
  `pengguna_twitter` varchar(35) DEFAULT NULL,
  `pengguna_linkdin` varchar(35) DEFAULT NULL,
  `pengguna_google_plus` varchar(35) DEFAULT NULL,
  `pengguna_status` int(2) DEFAULT 1,
  `pengguna_level` varchar(3) DEFAULT NULL,
  `pengguna_register` timestamp NULL DEFAULT current_timestamp(),
  `pengguna_photo` varchar(40) DEFAULT NULL
) ENGINE=InnoDB DEFAULT CHARSET=latin1;

--
-- Dumping data untuk tabel `tbl_pengguna`
--

INSERT INTO `tbl_pengguna` (`pengguna_id`, `pengguna_nama`, `pengguna_moto`, `pengguna_jenkel`, `pengguna_username`, `pengguna_password`, `pengguna_tentang`, `pengguna_email`, `pengguna_nohp`, `pengguna_facebook`, `pengguna_twitter`, `pengguna_linkdin`, `pengguna_google_plus`, `pengguna_status`, `pengguna_level`, `pengguna_register`, `pengguna_photo`) VALUES
(1, 'Fajar Rivaldi Chan', 'Just do it', 'L', 'admin', 'e10adc3949ba59abbe56e057f20f883e', 'I am a mountainner. to me mountainerring is a life', 'fajarrivaldi2015@gmail.com', '-', 'facebook.com/m_fikri_setiadi', 'twitter.com/fiver_fiver', '', '', 1, '1', '2016-09-03 06:07:55', 'db5dec647062751f2fb236b9bc3f1c54.png'),
(5, 'inan', NULL, 'L', 'inan', '078ec3809f43c8a821b964acd78064d8', NULL, 'inan@inan.com', '123456789', NULL, NULL, NULL, NULL, 1, '2', '2020-02-14 02:13:40', '764f54f17107b9f4b2ed026993063ed7.jpg');

-- --------------------------------------------------------

--
-- Struktur dari tabel `tbl_pengumuman`
--

CREATE TABLE `tbl_pengumuman` (
  `pengumuman_id` int(11) NOT NULL,
  `pengumuman_judul` varchar(150) DEFAULT NULL,
  `pengumuman_deskripsi` text DEFAULT NULL,
  `pengumuman_tanggal` timestamp NULL DEFAULT current_timestamp(),
  `pengumuman_author` varchar(60) DEFAULT NULL
) ENGINE=InnoDB DEFAULT CHARSET=latin1;

--
-- Dumping data untuk tabel `tbl_pengumuman`
--

INSERT INTO `tbl_pengumuman` (`pengumuman_id`, `pengumuman_judul`, `pengumuman_deskripsi`, `pengumuman_tanggal`, `pengumuman_author`) VALUES
(2, 'judul', 'ini isi deskripsi pengumuman ini isi deskripsi pengumuman ini isi deskripsi pengumuman ini isi deskripsi pengumuman ini isi deskripsi pengumuman ini isi deskripsi pengumuman', '2017-01-21 01:16:20', 'M Fikri Setiadi'),
(3, 'ini judul', 'Peresmian dan launching website resmi ', '2017-01-22 07:16:16', 'M Fikri Setiadi'),
(4, 'ini contoh judul pengumuman', 'ini isi deskripsi pengumuman ini isi deskripsi pengumuman ini isi deskripsi pengumuman ini isi deskripsi pengumuman ini isi deskripsi pengumuman\r\nini isi deskripsi pengumuman', '2017-01-22 07:15:28', 'M Fikri Setiadi');

-- --------------------------------------------------------

--
-- Struktur dari tabel `tbl_pengunjung`
--

CREATE TABLE `tbl_pengunjung` (
  `pengunjung_id` int(11) NOT NULL,
  `pengunjung_tanggal` timestamp NULL DEFAULT current_timestamp(),
  `pengunjung_ip` varchar(40) DEFAULT NULL,
  `pengunjung_perangkat` varchar(100) DEFAULT NULL
) ENGINE=InnoDB DEFAULT CHARSET=latin1;

--
-- Dumping data untuk tabel `tbl_pengunjung`
--

INSERT INTO `tbl_pengunjung` (`pengunjung_id`, `pengunjung_tanggal`, `pengunjung_ip`, `pengunjung_perangkat`) VALUES
(930, '2018-08-09 08:04:59', '::1', 'Chrome'),
(931, '2020-02-14 02:00:45', '127.0.0.1', 'Firefox'),
(932, '2020-02-14 02:01:07', '::1', 'Firefox'),
(933, '2020-02-14 04:13:48', '192.168.100.7', 'Chrome'),
(934, '2020-02-14 22:48:00', '::1', 'Firefox'),
(935, '2020-02-15 01:09:31', '192.168.100.7', 'Chrome'),
(936, '2020-02-15 04:13:00', '127.0.0.1', 'Firefox'),
(937, '2020-02-15 17:01:27', '::1', 'Firefox'),
(938, '2020-02-17 09:00:10', '::1', 'Firefox'),
(939, '2020-02-17 21:18:33', '::1', 'Firefox'),
(940, '2020-02-20 03:41:33', '::1', 'Firefox'),
(941, '2020-02-24 06:06:02', '127.0.0.1', 'Firefox'),
(942, '2020-02-24 06:06:35', '::1', 'Firefox'),
(943, '2020-02-29 03:17:49', '::1', 'Firefox'),
(944, '2020-03-01 11:51:47', '::1', 'Firefox'),
(945, '2020-03-11 03:39:11', '127.0.0.1', 'Firefox'),
(946, '2020-03-11 04:13:43', '::1', 'Firefox'),
(947, '2020-03-12 10:43:02', '::1', 'Firefox'),
(948, '2020-03-13 06:48:39', '::1', 'Firefox'),
(949, '2020-03-13 22:10:13', '::1', 'Firefox');

-- --------------------------------------------------------

--
-- Struktur dari tabel `tbl_siswa`
--

CREATE TABLE `tbl_siswa` (
  `siswa_id` int(11) NOT NULL,
  `siswa_nis` varchar(20) DEFAULT NULL,
  `siswa_nama` varchar(70) DEFAULT NULL,
  `siswa_jenkel` varchar(2) DEFAULT NULL,
  `siswa_kelas_id` int(11) DEFAULT NULL,
  `siswa_photo` varchar(40) DEFAULT NULL
) ENGINE=InnoDB DEFAULT CHARSET=latin1;

--
-- Dumping data untuk tabel `tbl_siswa`
--

INSERT INTO `tbl_siswa` (`siswa_id`, `siswa_nis`, `siswa_nama`, `siswa_jenkel`, `siswa_kelas_id`, `siswa_photo`) VALUES
(1, '9287482', 'Alvaro Sanchez', 'L', 8, '083d547659a2d4bb15c0322d15955da5.png'),
(2, '9287483', 'Ririn Cantika', 'P', 8, '74eec6ad37550cc12fe8fa83d46878af.jpg'),
(4, '123083', 'Ari Hidayat', 'L', 1, 'e371e67618ad53c99de380782c373023.png'),
(5, '123084', 'Irma Chaiyo', 'P', 1, '1e148b42c71562841ba3018fc97b748a.png'),
(6, '123085', 'Nadila Ginting', 'P', 1, '8125da21f903803b6992214967239ab3.png'),
(7, '123086', 'Anna Marina', 'P', 1, '33eaf3e3faf28a0fe31670c022f641f1.png'),
(8, '123086', 'Dhea Lubis', 'P', 1, '03e651410e969c3c26e8e0d35380470d.png'),
(9, '123087', 'Nadia Ginting', 'P', 1, 'd7823f8d98d376c085aa284a54d63264.png'),
(10, '123088', 'Mita Febrina', 'P', 1, 'eca0280a4a57c911ee68b8318d1e517f.png'),
(11, '123089', 'Elizabeth ', 'P', 1, 'ec1232a08d650bc8c3197c9db95a7fc8.png'),
(12, '123090', 'Della Guswono', 'P', 1, '6c82fce13bb3eff1fd2e897b2c3cfeeb.png');

-- --------------------------------------------------------

--
-- Struktur dari tabel `tbl_testimoni`
--

CREATE TABLE `tbl_testimoni` (
  `testimoni_id` int(11) NOT NULL,
  `testimoni_nama` varchar(30) DEFAULT NULL,
  `testimoni_isi` varchar(120) DEFAULT NULL,
  `testimoni_email` varchar(35) DEFAULT NULL,
  `testimoni_tanggal` timestamp NULL DEFAULT current_timestamp()
) ENGINE=InnoDB DEFAULT CHARSET=latin1;

-- --------------------------------------------------------

--
-- Struktur dari tabel `tbl_tulisan`
--

CREATE TABLE `tbl_tulisan` (
  `tulisan_id` int(11) NOT NULL,
  `tulisan_judul` varchar(100) DEFAULT NULL,
  `tulisan_isi` text DEFAULT NULL,
  `tulisan_tanggal` timestamp NULL DEFAULT current_timestamp(),
  `tulisan_kategori_id` int(11) DEFAULT NULL,
  `tulisan_kategori_nama` varchar(30) DEFAULT NULL,
  `tulisan_views` int(11) DEFAULT 0,
  `tulisan_gambar` varchar(40) DEFAULT NULL,
  `tulisan_pengguna_id` int(11) DEFAULT NULL,
  `tulisan_author` varchar(40) DEFAULT NULL,
  `tulisan_img_slider` int(2) NOT NULL DEFAULT 0,
  `tulisan_slug` varchar(200) DEFAULT NULL
) ENGINE=InnoDB DEFAULT CHARSET=latin1;

--
-- Dumping data untuk tabel `tbl_tulisan`
--

INSERT INTO `tbl_tulisan` (`tulisan_id`, `tulisan_judul`, `tulisan_isi`, `tulisan_tanggal`, `tulisan_kategori_id`, `tulisan_kategori_nama`, `tulisan_views`, `tulisan_gambar`, `tulisan_pengguna_id`, `tulisan_author`, `tulisan_img_slider`, `tulisan_slug`) VALUES
(20, 'Persiapan siswa menjelang ujian nasional', '<p>Banyak metode bejalar yang dilakukan oleh siswa untuk persiapan menghadapi ujian nasional (UN). Biantaranya mengingat dengan metode Mind Map, ataupun bejalar diluar kelas (outdoor).&nbsp; Ini adalah sampel artikel Ini adalah sampel artikel Ini adalah sampel artikel Ini adalah sampel artikel Ini adalah sampel artikel Ini adalah sampel artikel Ini adalah sampel artikel Ini adalah sampel artikel Ini adalah sampel artikel Ini adalah sampel artikel Ini adalah sampel artikel Ini adalah sampel artikel Ini adalah sampel artikel Ini adalah sampel artikel Ini adalah sampel artikel.</p>\r\n\r\n<p>&nbsp;</p>\r\n\r\n<p>Ini adalah sampel artikel Ini adalah sampel artikel Ini adalah sampel artikel Ini adalah sampel artikel Ini adalah sampel artikel Ini adalah sampel artikel Ini adalah sampel artikel Ini adalah sampel artikel Ini adalah sampel artikel Ini adalah sampel artikel Ini adalah sampel artikel Ini adalah sampel artikel Ini adalah sampel artikel Ini adalah sampel artikel Ini adalah sampel artikel Ini adalah sampel artikel Ini adalah sampel artikel Ini adalah sampel artikel Ini adalah sampel artikel Ini adalah sampel artikel Ini adalah sampel artikel Ini adalah sampel artikel Ini adalah sampel artikel Ini adalah sampel artikel Ini adalah sampel artikel Ini adalah sampel artikel Ini adalah sampel artikel Ini adalah sampel artikel Ini adalah sampel artikel Ini adalah sampel artikel Ini adalah sampel artikel Ini adalah sampel artikel Ini adalah sampel artikel Ini adalah sampel artikel.</p>\r\n\r\n<p>&nbsp;</p>\r\n\r\n<p>Ini adalah sampel artikel Ini adalah sampel artikel Ini adalah sampel artikel Ini adalah sampel artikel Ini adalah sampel artikel Ini adalah sampel artikel Ini adalah sampel artikel Ini adalah sampel artikel Ini adalah sampel artikel Ini adalah sampel artikel Ini adalah sampel artikel Ini adalah sampel artikel Ini adalah sampel artikel Ini adalah sampel artikel Ini adalah sampel artikel Ini adalah sampel artikel Ini adalah sampel artikel Ini adalah sampel artikel Ini adalah sampel artikel Ini adalah sampel artikel Ini adalah sampel artikel Ini adalah sampel artikel.</p>\r\n\r\n<p>&nbsp;</p>\r\n\r\n<p>Ini adalah sampel artikel Ini adalah sampel artikel Ini adalah sampel artikel Ini adalah sampel artikel Ini adalah sampel artikel Ini adalah sampel artikel Ini adalah sampel artikel Ini adalah sampel artikel Ini adalah sampel artikel Ini adalah sampel artikel Ini adalah sampel artikel Ini adalah sampel artikel Ini adalah sampel artikel Ini adalah sampel artikel Ini adalah sampel artikel Ini adalah sampel artikel Ini adalah sampel artikel Ini adalah sampel artikel.</p>\r\n\r\n<p>&nbsp;</p>\r\n\r\n<p>Ini adalah sampel artikel Ini adalah sampel artikel Ini adalah sampel artikel Ini adalah sampel artikel Ini adalah sampel artikel Ini adalah sampel artikel Ini adalah sampel artikel Ini adalah sampel artikel Ini adalah sampel artikel Ini adalah sampel artikel Ini adalah sampel artikel Ini adalah sampel artikel Ini adalah sampel artikel Ini adalah sampel artikel Ini adalah sampel artikel Ini adalah sampel artikel Ini adalah sampel artikel Ini adalah sampel artikel Ini adalah sampel artikel Ini adalah sampel artikel Ini adalah sampel artikel Ini adalah sampel artikel Ini adalah sampel artikel Ini adalah sampel artikel Ini adalah sampel artikel.</p>\r\n\r\n<p>&nbsp;</p>\r\n\r\n<p>Ini adalah sampel artikel Ini adalah sampel artikel Ini adalah sampel artikel Ini adalah sampel artikel Ini adalah sampel artikel Ini adalah sampel artikel Ini adalah sampel artikel Ini adalah sampel artikel Ini adalah sampel artikel Ini adalah sampel artikel Ini adalah sampel artikel.</p>\r\n', '2017-05-17 09:24:42', 1, 'Pendidikan', 27, '0a927c6d34dc5560b72f053313f14638.jpg', 1, 'M Fikri Setiadi', 0, 'persiapan-siswa-menjelang-ujian-nasional'),
(22, 'Prestasi membangga dari siswa ', '<p>Prestasi dan penghargaan merupakan trigger (pemicu) semangat belajar siswa. Ada banyak prestasi yang telah diraih oleh siswa m-sekolah. Ini adalah sampel artikel Ini adalah sampel artikel Ini adalah sampel artikel Ini adalah sampel artikel Ini adalah sampel artikel Ini adalah sampel artikel.</p>\r\n\r\n<p>Ini adalah sampel artikel Ini adalah sampel artikel Ini adalah sampel artikel Ini adalah sampel artikel Ini adalah sampel artikel Ini adalah sampel artikel Ini adalah sampel artikel Ini adalah sampel artikel Ini adalah sampel artikel Ini adalah sampel artikel Ini adalah sampel artikel Ini adalah sampel artikel Ini adalah sampel artikel Ini adalah sampel artikel Ini adalah sampel artikel Ini adalah sampel artikel Ini adalah sampel artikel Ini adalah sampel artikel Ini adalah sampel artikel.</p>\r\n\r\n<p>Ini adalah sampel artikel Ini adalah sampel artikel Ini adalah sampel artikel Ini adalah sampel artikel Ini adalah sampel artikel Ini adalah sampel artikel Ini adalah sampel artikel Ini adalah sampel artikel Ini adalah sampel artikel.</p>\r\n\r\n<p>Ini adalah sampel artikel Ini adalah sampel artikel Ini adalah sampel artikel Ini adalah sampel artikel Ini adalah sampel artikel Ini adalah sampel artikel Ini adalah sampel artikel Ini adalah sampel artikel Ini adalah sampel artikel Ini adalah sampel artikel Ini adalah sampel artikel Ini adalah sampel artikel Ini adalah sampel artikel Ini adalah sampel artikel Ini adalah sampel artikel Ini adalah sampel artikel Ini adalah sampel artikel Ini adalah sampel artikel.</p>\r\n\r\n<p>Ini adalah sampel artikel Ini adalah sampel artikel Ini adalah sampel artikel Ini adalah sampel artikel Ini adalah sampel artikel Ini adalah sampel artikel Ini adalah sampel artikel Ini adalah sampel artikel Ini adalah sampel artikel Ini adalah sampel artikel Ini adalah sampel artikel Ini adalah sampel artikel Ini adalah sampel artikel Ini adalah sampel artikel Ini adalah sampel artikel Ini adalah sampel artikel Ini adalah sampel artikel Ini adalah sampel artikel Ini adalah sampel artikel Ini adalah sampel artikel Ini adalah sampel artikel Ini adalah sampel artikel Ini adalah sampel artikel.</p>\r\n\r\n<p>Ini adalah sampel artikel Ini adalah sampel artikel Ini adalah sampel artikel Ini adalah sampel artikel Ini adalah sampel artikel Ini adalah sampel artikel Ini adalah sampel artikel Ini adalah sampel artikel Ini adalah sampel artikel Ini adalah sampel artikel Ini adalah sampel artikel Ini adalah sampel artikel Ini adalah sampel artikel Ini adalah sampel artikel Ini adalah sampel artikel Ini adalah sampel artikel Ini adalah sampel artikel Ini adalah sampel artikel Ini adalah sampel artikel.</p>\r\n', '2017-05-17 09:38:21', 6, 'Prestasi', 1, 'a59aa487ab2e3b57b2fcf75063b67575.jpg', 1, 'M Fikri Setiadi', 0, 'prestasi-membangga-dari-siswa'),
(23, 'Pelaksanaan Ujian Nasional ', '<p>Pelaksanaan UN (Ujian Nasional) di sekolah&nbsp; berlangsung tentram dan damai. Terlihat ketenangan terpancar diwajah siswa berprestasi.&nbsp; Ini adalah sampel artikel Ini adalah sampel artikel&nbsp; Ini adalah sampel artikel Ini adalah sampel artikel Ini adalah sampel artikel Ini adalah sampel artikel Ini adalah sampel artikel Ini adalah sampel artikel.</p>\r\n\r\n<p>Ini adalah sampel artikel Ini adalah sampel artikel Ini adalah sampel artikel Ini adalah sampel artikel Ini adalah sampel artikel Ini adalah sampel artikel Ini adalah sampel artikel Ini adalah sampel artikel.</p>\r\n\r\n<p>Ini adalah sampel artikel Ini adalah sampel artikel Ini adalah sampel artikel Ini adalah sampel artikel Ini adalah sampel artikel Ini adalah sampel artikel Ini adalah sampel artikel Ini adalah sampel artikel Ini adalah sampel artikel Ini adalah sampel artikel Ini adalah sampel artikel Ini adalah sampel artikel Ini adalah sampel artikel Ini adalah sampel artikel Ini adalah sampel artikel Ini adalah sampel artikel Ini adalah sampel artikel Ini adalah sampel artikel Ini adalah sampel artikel Ini adalah sampel artikel.</p>\r\n\r\n<p>Ini adalah sampel artikel Ini adalah sampel artikel Ini adalah sampel artikel Ini adalah sampel artikel Ini adalah sampel artikel Ini adalah sampel artikel Ini adalah sampel artikel Ini adalah sampel artikel Ini adalah sampel artikel Ini adalah sampel artikel Ini adalah sampel artikel Ini adalah sampel artikel Ini adalah sampel artikel Ini adalah sampel artikel Ini adalah sampel artikel Ini adalah sampel artikel Ini adalah sampel artikel Ini adalah sampel artikel Ini adalah sampel artikel.</p>\r\n\r\n<p>Ini adalah sampel artikel Ini adalah sampel artikel Ini adalah sampel artikel Ini adalah sampel artikel Ini adalah sampel artikel Ini adalah sampel artikel Ini adalah sampel artikel Ini adalah sampel artikel Ini adalah sampel artikel Ini adalah sampel artikel Ini adalah sampel artikel Ini adalah sampel artikel Ini adalah sampel artikel Ini adalah sampel artikel Ini adalah sampel artikel Ini adalah sampel artikel Ini adalah sampel artikel Ini adalah sampel artikel Ini adalah sampel artikel.</p>\r\n', '2017-05-17 09:41:30', 1, 'Pendidikan', 4, '12bfb1953df800c59835a2796f8c6619.jpg', 1, 'M Fikri Setiadi', 0, 'pelaksanaan-ujian-nasional'),
(24, 'Proses belajar mengajar ', '<p>Proses belajar mengajar di sekolah&nbsp; berlangsung menyenangkan. Didukung oleh instruktur yang fun dengan metode mengajar yang tidak biasa. Ini adalah sampel artikel Ini adalah sampel artikel Ini adalah sampel artikel Ini adalah sampel artikel Ini adalah sampel artikel.</p>\r\n\r\n<p>Ini adalah sampel artikel Ini adalah sampel artikel Ini adalah sampel artikel Ini adalah sampel artikel Ini adalah sampel artikel Ini adalah sampel a Ini adalah sampel artikel Ini adalah sampel artikel Ini adalah sampel artikel Ini adalah sampel artikel Ini adalah sampel artikel Ini adalah sampel artikel Ini adalah sampel artikel artikel Ini adalah sampel artikel Ini adalah sampel artikel.</p>\r\n\r\n<p>Ini adalah sampel artikel Ini adalah sampel artikel Ini adalah sampel artikel Ini adalah sampel artikel Ini adalah sampel artikel Ini adalah sampel artikel Ini adalah sampel artikel Ini adalah sampel artikel Ini adalah sampel artikel Ini adalah sampel artikel Ini adalah sampel artikel Ini adalah sampel artikel Ini adalah sampel artikel Ini adalah sampel artikel Ini adalah sampel artikel Ini adalah sampel artikel Ini adalah sampel artikel Ini adalah sampel artikel Ini adalah sampel artikel .</p>\r\n\r\n<p>Ini adalah sampel artikel Ini adalah sampel artikel Ini adalah sampel artikel Ini adalah sampel artikel Ini adalah sampel artikel Ini adalah sampel artikel Ini adalah sampel artikel Ini adalah sampel artikel Ini adalah sampel artikel Ini adalah sampel artikel Ini adalah sampel artikel Ini adalah sampel artikel Ini adalah sampel artikel Ini adalah sampel artikel Ini adalah sampel artikel Ini adalah sampel artikel Ini adalah sampel artikel Ini adalah sampel artikel Ini adalah sampel artikel Ini adalah sampel artikel Ini adalah sampel artikel Ini adalah sampel artikel Ini adalah sampel artikel Ini adalah sampel artikel.</p>\r\n\r\n<p>Ini adalah sampel artikel Ini adalah sampel artikel Ini adalah sampel artikel Ini adalah sampel artikel Ini adalah sampel artikel Ini adalah sampel artikel Ini adalah sampel artikel Ini adalah sampel artikel Ini adalah sampel artikel Ini adalah sampel artikel Ini adalah sampel artikel Ini adalah sampel artikel Ini adalah sampel artikel Ini adalah sampel artikel Ini adalah sampel artikel Ini adalah sampel artikel Ini adalah sampel artikel Ini adalah sampel artikel Ini adalah sampel artikel Ini adalah sampel artikel.</p>\r\n', '2017-05-17 09:46:29', 1, 'Pendidikan', 164, 'ea114dc1ec5275560a5ef3238fd04722.jpg', 1, 'M Fikri Setiadi', 0, 'proses-belajar-mengajar'),
(25, 'iPhone 8 Baru Mengungkapkan Fitur Mengecewakan', '<p>Apple CEO Tim Cook delivers the opening keynote address the 2017 Apple.</p>\r\n\r\n<p><br />\r\nSudah lama sekali sejak Apple mampu menyimpan kejutan nyata dari beledu digital dan mengungkapkan &#39;satu hal&#39; yang sebenarnya selama sebuah keynote. Fase desain dan prototyping yang panjang, ditambah dengan rantai pasokan yang diperluas, telah menghasilkan garis manufaktur yang bocor.<br />\r\n<br />\r\nTariklah permintaan yang tak terpuaskan dari si geekerati dan Anda tidak akan pernah bisa menyimpan rahasianya ... bahkan jika penonton akan berpura-pura bahwa segala sesuatu yang dikatakan Tim Cook adalah sebuah wahyu.<br />\r\n<br />\r\nSemuanya di tampilkan untuk portofolio iPhone baru, meskipun jika kita jujur ??tidak ada hal baru yang bisa dilihat. Ini hanya Tim Cook dan timnya yang membuat model tahun lalu &#39;sedikit lebih baik&#39; dan mengajukan konsumen proposisi yang sama seperti setiap produsen smartphone lainnya.<br />\r\n<br />\r\nMungkin aku berharap terlalu banyak dari Apple. Pengulangan Timey dari mimpi Silicon Valley tidak dibangun dengan risiko, mendorong amplop, atau bereksperimen dengan bentuk atau fungsinya. Bagaimana Tim Cook bisa mendorong inovasi ketika begitu banyak kekaisarannya dibangun di seputar kebutuhan akan penjualan siklis iPhone yang terjamin? Jika penjualan smartphone turun, maka yayasan Cupertino akan berada dalam bahaya.<br />\r\n<br />\r\nJawaban Apple untuk ini adalah iPhone 8. Sementara iPhone 7S dan iPhone 7S Plus menjaga harapan, iPhone 8 bisa bereksperimen dengan bentuk, harga, dan kekuatan. Ini adalah handset yang akan mendorong batas teknologi Apple dengan layar OLED yang cerah dan jelas di bawah kaca melengkung yang membentuk bagian luarnya. Inilah smartphone yang membawa kekuatan magis wireless charging ke ekosistem iOS dan akan menawarkan pengenalan wajah untuk keamanan.<br />\r\n<br />\r\nYang semua terdengar hebat tapi itu satu set poin peluru yang bisa diterapkan ke banyak handset Android terkemuka yang ada di pasaran saat ini. Bahkan dengan andalannya yang maju untuk tahun 2017, Apple melakukan sedikit lebih banyak daripada mengenalkan teknologi yang ada ke portofolio iOS.<br />\r\n<br />\r\nItu tidak terlihat seperti ini beberapa bulan yang lalu. Fitur yang diduga dikeluarkan oleh Apple dari iPhone 8 memamerkan beberapa pemikiran terbaru tentang perangkat mobile, termasuk pengisian daya nirkabel jarak jauh dan sensor biometrik tertanam di bawah layar kaca. Ini perlahan-lahan telah terbantahkan oleh industri rumahan dan desas-desus, sampai-sampai kita cukup tahu apa yang terjadi dari iPhone 8.<br />\r\n<br />\r\nTentu saja iPhone 8 (dan lebih dari kemungkinan iPhone 7S dan 7S Plus) akan mendapat keuntungan dari perubahan pada konstruksi interior. Akan ada pencantuman iOS 11 dan integrasi perangkat lunak yang ketat ke perangkat keras. Akan ada anggukan Apple untuk kesederhanaan di UI dan aplikasi pihak ketiga akan segera menghadirkan fitur lanjutan kepada pengguna rata-rata.<br />\r\n<br />\r\nIni bukan perubahan sepele, tapi yang menyoroti ini adalah menjelaskan bagaimana sosis dibuat. Mereka adalah rakit tweak untuk paket yang sama. Anda bisa menambahkan kancing diamante ke gaun Anda, mengganti lapisannya, dan mengeluarkan pinggulnya karena tahun-tahun yang lewat, tapi pakaiannya tetap sama seperti yang orang lihat berkali-kali. Itu cukup bagi bisnis Apple untuk terus melakukannya dengan baik dan membuat pemegang saham tetap bahagia, namun Anda tidak dapat terus kembali ke bidang yang sama dan berharap untuk tetap berada di puncak permainan smartphone. Sesuatu harus diberikan.<br />\r\n<br />\r\nPortofolio Apple 2017 membajak bidang yang sama persis dengan tahun-tahun sebelumnya. Tulang punggung penjualan akan terdiri dari iPhone 7S dan iPhone 7S Plus yang berulang-ulang saat Tim Cook kembali menanam benih di alur yang sama persis seperti model sebelumnya. IPhone 8 dapat diluncurkan tepat waktu, namun stok akan sulit didapat dan Apple akan, sekali lagi, tidak merilis angka penjualan. Ini akan menjadi hal baru yang menarik dan berkilau, tapi mari kita panggil apa adanya.</p>\r\n\r\n<p>Tim Cook akan menyilangkan jari-jarinya sehingga cukup banyak orang yang senang bisa &#39;membeli iPhone lain&#39; dan terus menggelontorkannya tanpa melihat persaingan. IPhone 8 adalah Apple yang bermain mengejar kemajuan teknologi kompetisi, dengan harapan tidak ada yang memperhatikan bahwa iPhone Baru Kaisar tidak semudah yang terlihat.</p>\r\n', '2018-08-08 13:26:08', 5, 'Penelitian', 12, 'a0b99616241c9aded7f2a02661798d98.jpg', 1, 'M Fikri Setiadi', 0, 'iphone-8-baru-mengungkapkan-fitur-mengecewakan'),
(26, 'web baru fammi', '<p>kgkgkkugkgk</p>\r\n', '2020-02-15 16:15:38', 1, 'Pendidikan', 1, '465ca44b2644fe34b76e4543277c6834.jpg', 1, 'M Fikri Setiadi', 0, 'web-baru-fammi'),
(27, 'Artikel prediktif', '<p>Artikel perdiktif adalah suatu artikel yang di dalamnya mengemukakan tentang masalah pada zaman sekarang dan memprediksi kejadian yang akan tiba. Di dalam artikel ini penulis akan mengungkapkan fenomena-fenomena yang terjadi di masa sekarang dan memberi prediksi kejadian di masa depan. Kejadian di masa depan merupakan akibat dari kejadian masa kini.</p>\r\n', '2020-02-17 23:59:27', 1, 'Pendidikan', 1, 'c151da648252601d9040ee31de38ef8a.jpg', 1, 'Fajar Rivaldi Chan', 0, 'artikel-prediktif');

--
-- Indexes for dumped tables
--

--
-- Indeks untuk tabel `tbl_agenda`
--
ALTER TABLE `tbl_agenda`
  ADD PRIMARY KEY (`agenda_id`);

--
-- Indeks untuk tabel `tbl_album`
--
ALTER TABLE `tbl_album`
  ADD PRIMARY KEY (`album_id`),
  ADD KEY `album_pengguna_id` (`album_pengguna_id`);

--
-- Indeks untuk tabel `tbl_files`
--
ALTER TABLE `tbl_files`
  ADD PRIMARY KEY (`file_id`);

--
-- Indeks untuk tabel `tbl_galeri`
--
ALTER TABLE `tbl_galeri`
  ADD PRIMARY KEY (`galeri_id`),
  ADD KEY `galeri_album_id` (`galeri_album_id`),
  ADD KEY `galeri_pengguna_id` (`galeri_pengguna_id`);

--
-- Indeks untuk tabel `tbl_guru`
--
ALTER TABLE `tbl_guru`
  ADD PRIMARY KEY (`guru_id`);

--
-- Indeks untuk tabel `tbl_inbox`
--
ALTER TABLE `tbl_inbox`
  ADD PRIMARY KEY (`inbox_id`);

--
-- Indeks untuk tabel `tbl_kategori`
--
ALTER TABLE `tbl_kategori`
  ADD PRIMARY KEY (`kategori_id`);

--
-- Indeks untuk tabel `tbl_kelas`
--
ALTER TABLE `tbl_kelas`
  ADD PRIMARY KEY (`kelas_id`);

--
-- Indeks untuk tabel `tbl_komentar`
--
ALTER TABLE `tbl_komentar`
  ADD PRIMARY KEY (`komentar_id`),
  ADD KEY `komentar_tulisan_id` (`komentar_tulisan_id`);

--
-- Indeks untuk tabel `tbl_log_aktivitas`
--
ALTER TABLE `tbl_log_aktivitas`
  ADD PRIMARY KEY (`log_id`),
  ADD KEY `log_pengguna_id` (`log_pengguna_id`);

--
-- Indeks untuk tabel `tbl_pengguna`
--
ALTER TABLE `tbl_pengguna`
  ADD PRIMARY KEY (`pengguna_id`);

--
-- Indeks untuk tabel `tbl_pengumuman`
--
ALTER TABLE `tbl_pengumuman`
  ADD PRIMARY KEY (`pengumuman_id`);

--
-- Indeks untuk tabel `tbl_pengunjung`
--
ALTER TABLE `tbl_pengunjung`
  ADD PRIMARY KEY (`pengunjung_id`);

--
-- Indeks untuk tabel `tbl_siswa`
--
ALTER TABLE `tbl_siswa`
  ADD PRIMARY KEY (`siswa_id`);

--
-- Indeks untuk tabel `tbl_testimoni`
--
ALTER TABLE `tbl_testimoni`
  ADD PRIMARY KEY (`testimoni_id`);

--
-- Indeks untuk tabel `tbl_tulisan`
--
ALTER TABLE `tbl_tulisan`
  ADD PRIMARY KEY (`tulisan_id`),
  ADD KEY `tulisan_kategori_id` (`tulisan_kategori_id`),
  ADD KEY `tulisan_pengguna_id` (`tulisan_pengguna_id`);

--
-- AUTO_INCREMENT untuk tabel yang dibuang
--

--
-- AUTO_INCREMENT untuk tabel `tbl_agenda`
--
ALTER TABLE `tbl_agenda`
  MODIFY `agenda_id` int(11) NOT NULL AUTO_INCREMENT, AUTO_INCREMENT=7;

--
-- AUTO_INCREMENT untuk tabel `tbl_album`
--
ALTER TABLE `tbl_album`
  MODIFY `album_id` int(11) NOT NULL AUTO_INCREMENT, AUTO_INCREMENT=6;

--
-- AUTO_INCREMENT untuk tabel `tbl_files`
--
ALTER TABLE `tbl_files`
  MODIFY `file_id` int(11) NOT NULL AUTO_INCREMENT, AUTO_INCREMENT=13;

--
-- AUTO_INCREMENT untuk tabel `tbl_galeri`
--
ALTER TABLE `tbl_galeri`
  MODIFY `galeri_id` int(11) NOT NULL AUTO_INCREMENT, AUTO_INCREMENT=25;

--
-- AUTO_INCREMENT untuk tabel `tbl_guru`
--
ALTER TABLE `tbl_guru`
  MODIFY `guru_id` int(11) NOT NULL AUTO_INCREMENT, AUTO_INCREMENT=12;

--
-- AUTO_INCREMENT untuk tabel `tbl_inbox`
--
ALTER TABLE `tbl_inbox`
  MODIFY `inbox_id` int(11) NOT NULL AUTO_INCREMENT, AUTO_INCREMENT=10;

--
-- AUTO_INCREMENT untuk tabel `tbl_kategori`
--
ALTER TABLE `tbl_kategori`
  MODIFY `kategori_id` int(11) NOT NULL AUTO_INCREMENT, AUTO_INCREMENT=14;

--
-- AUTO_INCREMENT untuk tabel `tbl_kelas`
--
ALTER TABLE `tbl_kelas`
  MODIFY `kelas_id` int(11) NOT NULL AUTO_INCREMENT, AUTO_INCREMENT=22;

--
-- AUTO_INCREMENT untuk tabel `tbl_komentar`
--
ALTER TABLE `tbl_komentar`
  MODIFY `komentar_id` int(11) NOT NULL AUTO_INCREMENT, AUTO_INCREMENT=6;

--
-- AUTO_INCREMENT untuk tabel `tbl_log_aktivitas`
--
ALTER TABLE `tbl_log_aktivitas`
  MODIFY `log_id` int(11) NOT NULL AUTO_INCREMENT;

--
-- AUTO_INCREMENT untuk tabel `tbl_pengguna`
--
ALTER TABLE `tbl_pengguna`
  MODIFY `pengguna_id` int(11) NOT NULL AUTO_INCREMENT, AUTO_INCREMENT=6;

--
-- AUTO_INCREMENT untuk tabel `tbl_pengumuman`
--
ALTER TABLE `tbl_pengumuman`
  MODIFY `pengumuman_id` int(11) NOT NULL AUTO_INCREMENT, AUTO_INCREMENT=5;

--
-- AUTO_INCREMENT untuk tabel `tbl_pengunjung`
--
ALTER TABLE `tbl_pengunjung`
  MODIFY `pengunjung_id` int(11) NOT NULL AUTO_INCREMENT, AUTO_INCREMENT=950;

--
-- AUTO_INCREMENT untuk tabel `tbl_siswa`
--
ALTER TABLE `tbl_siswa`
  MODIFY `siswa_id` int(11) NOT NULL AUTO_INCREMENT, AUTO_INCREMENT=13;

--
-- AUTO_INCREMENT untuk tabel `tbl_testimoni`
--
ALTER TABLE `tbl_testimoni`
  MODIFY `testimoni_id` int(11) NOT NULL AUTO_INCREMENT;

--
-- AUTO_INCREMENT untuk tabel `tbl_tulisan`
--
ALTER TABLE `tbl_tulisan`
  MODIFY `tulisan_id` int(11) NOT NULL AUTO_INCREMENT, AUTO_INCREMENT=28;
COMMIT;

/*!40101 SET CHARACTER_SET_CLIENT=@OLD_CHARACTER_SET_CLIENT */;
/*!40101 SET CHARACTER_SET_RESULTS=@OLD_CHARACTER_SET_RESULTS */;
/*!40101 SET COLLATION_CONNECTION=@OLD_COLLATION_CONNECTION */;
